city;country;price;size;rooms;latitude;longitude;address
hamburg;DE;655900;83;2.5;53.5903912;9.9868771;"Eppendorf, Hamburg"
hamburg;DE;695000;86;3;53.5903912;9.9868771;"Eppendorf, Hamburg"
hamburg;DE;4900000;357;4;53.5429127;9.9958346;"HafenCity, Hamburg"
hamburg;DE;450000;78.88;3;53.6405454;10.0960326;"Saseler Chaussee 34, Wellingsbüttel, Hamburg"
hamburg;DE;2095000;170;6;53.5715093;10.0127361;"Uhlenhorst, Hamburg"
hamburg;DE;2010000;160;4;53.5715093;10.0127361;"Uhlenhorst, Hamburg"
hamburg;DE;285000;79.19;2.5;53.6038827;10.1581547;"Rahlstedt, Hamburg"
hamburg;DE;455000;47.66;2;53.595716249999995;9.982052344947535;"Im Tale 9, Eppendorf, Hamburg"
hamburg;DE;398000;94.74;4;53.5967771;9.9284099;"Stellingen, Hamburg"
hamburg;DE;679000;101;3;53.5672366;10.0452407;"Eilbek, Hamburg"
hamburg;DE;733000;104;4;53.5847;9.75639;"Rissen, Hamburg"
hamburg;DE;514000;80;3;53.5847;9.75639;"Rissen, Hamburg"
hamburg;DE;690000;82;3;53.540085;10.0108908;"Versmannstraße 22, HafenCity, Hamburg"
hamburg;DE;1155000;103;4;53.540085;10.0108908;"Versmannstraße 22, HafenCity, Hamburg"
hamburg;DE;4200000;231;5;53.560325649999996;9.996088953737038;"Alsterufer 10, Rotherbaum, Hamburg"
hamburg;DE;1900000;115;3;53.560325649999996;9.996088953737038;"Alsterufer 10, Rotherbaum, Hamburg"
hamburg;DE;958000;89.58;2;53.5391012;9.99335367214773;"Am Strandkai 1, HafenCity, Hamburg"
hamburg;DE;813000;79.2;2;53.5391012;9.99335367214773;"Am Strandkai 1, HafenCity, Hamburg"
hamburg;DE;3800000;210;4;53.5754331;9.9804402;"Harvestehude, Hamburg"
hamburg;DE;1305000;178.31;5;53.5646946;10.0951277;"Oktaviostraße 96b, Marienthal, Hamburg"
hamburg;DE;799000;115;3;53.5646946;10.0951277;"Oktaviostraße 96b, Marienthal, Hamburg"
hamburg;DE;690000;110.5;4.5;53.557166050000006;9.865905650934046;"Jürgensallee 99, Othmarschen, Hamburg"
hamburg;DE;559000;83.3;3;53.5672853;9.9051362;"Haydnstraße 11, Bahrenfeld, Hamburg"
hamburg;DE;569000;84.16;3;53.5672853;9.9051362;"Haydnstraße 11, Bahrenfeld, Hamburg"
hamburg;DE;429000;74.03;2;53.57191795;9.8525782;"Goosacker 1,3, Osdorf, Hamburg"
hamburg;DE;548000;99.19;3;53.57191795;9.8525782;"Goosacker 1,3, Osdorf, Hamburg"
hamburg;DE;230000;40.92;1;53.5952238;10.1474134;"Rahlstedter Straße 169, Rahlstedt, Hamburg"
hamburg;DE;407000;77.4;3;53.5952238;10.1474134;"Rahlstedter Straße 169, Rahlstedt, Hamburg"
hamburg;DE;950000;87;2;53.5429127;9.9958346;"HafenCity, Hamburg"
hamburg;DE;439000;72;2;53.5963901;10.0038317;"Winterhude, Hamburg"
hamburg;DE;4100000;282;5;53.5754331;9.9804402;"Harvestehude, Hamburg"
hamburg;DE;1265000;112;4;53.5715093;10.0127361;"Uhlenhorst, Hamburg"
hamburg;DE;2590000;186;4;53.5715093;10.0127361;"Uhlenhorst, Hamburg"
hamburg;DE;790000;81;3;53.5729968;10.0186977;"Kanalstraße 48, Uhlenhorst, Hamburg"
hamburg;DE;800000;82;3;53.5729968;10.0186977;"Kanalstraße 48, Uhlenhorst, Hamburg"
hamburg;DE;1250000;170;4.5;53.5523199;9.8530472;"Baumschulenweg ,, Nienstedten, Hamburg"
hamburg;DE;330000;82;4;53.6038827;10.1581547;"Rahlstedt, Hamburg"
hamburg;DE;1485000;127;4;53.5684065;9.9874317;"Rotherbaum, Hamburg"
hamburg;DE;320000;60;2;53.6105412;10.0038889;"Alsterdorf, Hamburg"
hamburg;DE;240000;50;2;53.5798851;10.0432506;"Barmbek-Süd, Hamburg"
hamburg;DE;2025000;150;4;53.5715093;10.0127361;"Uhlenhorst, Hamburg"
hamburg;DE;299000;59;2.5;53.5798851;10.0432506;"Barmbek-Süd, Hamburg"
hamburg;DE;1240000;147;4;53.5643916;10.02538555;"Güntherstr.  7, Hohenfelde, Hamburg"
hamburg;DE;380000;88;2;53.6284111;9.9557091;"Niendorf, Hamburg"
hamburg;DE;260000;68;2;53.557859949999994;10.094565574425179;"Hamm-Nord, Hamburg"
hamburg;DE;2500000;160;3;53.539506;9.992880795253166;"Am Strandkai 3, HafenCity, Hamburg"
hamburg;DE;719000;116.95;3;53.56486725;10.04662049347862;"Papenstraße 84a, Eilbek, Hamburg"
hamburg;DE;649000;99;2.5;53.6023971;9.9566624;"Lokstedt, Hamburg"
hamburg;DE;630000;121;4;53.6284111;9.9557091;"Niendorf, Hamburg"
hamburg;DE;399000;94;3;53.6038827;10.1581547;"Rahlstedt, Hamburg"
hamburg;DE;325000;65;3;53.616809;10.0790012;"Bramfeld, Hamburg"
hamburg;DE;330000;45;2;53.5988941;10.0480997;"Barmbek-Nord, Hamburg"
hamburg;DE;380000;88;4;53.616809;10.0790012;"Bramfeld, Hamburg"
hamburg;DE;435000;75;2;53.5690699;9.9055827;"Bahrenfeld, Hamburg"
hamburg;DE;790000;141;5;53.5690699;9.9055827;"Bahrenfeld, Hamburg"
hamburg;DE;898000;111;4;53.5550626;9.8878602;"Othmarschen, Hamburg"
hamburg;DE;179000;25.4;1;53.5672366;10.0452407;"Eilbek, Hamburg"
hamburg;DE;299000;84;3;53.6633;10.0083;"Langenhorn, Hamburg"
hamburg;DE;920000;72;2;53.5496598;9.945352;"Altona-Altstadt, Hamburg"
hamburg;DE;1690000;218;5;53.5524166;9.8443521;"Nienstedten, Hamburg"
hamburg;DE;1490000;140;3;53.5684065;9.9874317;"Rotherbaum, Hamburg"
hamburg;DE;1278000;154;4;53.5988941;10.0480997;"Barmbek-Nord, Hamburg"
hamburg;DE;940000;151;5;53.5724835;9.9501;"Eimsbüttel, Hamburg"
hamburg;DE;599000;109;3;53.5863909;9.876050138941547;"Böttcherkamp 20, Lurup, Hamburg"
hamburg;DE;574000;115;4;53.5863909;9.876050138941547;"Böttcherkamp 20, Lurup, Hamburg"
hamburg;DE;424000;61;3;53.5807542;9.9683313;"Hoheluft-West, Hamburg"
hamburg;DE;1350000;134;2;53.5429127;9.9958346;"HafenCity, Hamburg"
hamburg;DE;269000;73.76;3;53.5488992;10.1226247;"Billstedt, Hamburg"
hamburg;DE;279000;45.02;1.5;53.5963901;10.0038317;"Winterhude, Hamburg"
hamburg;DE;349000;61.9;2;53.5903912;9.9868771;"Eppendorf, Hamburg"
hamburg;DE;376000;70.07;2;53.6023971;9.9566624;"Lokstedt, Hamburg"
hamburg;DE;719000;116.95;3;53.5672366;10.0452407;"Eilbek, Hamburg"
hamburg;DE;975000;152.39;4;53.5672366;10.0452407;"Eilbek, Hamburg"
hamburg;DE;1590000;161;4;53.5684065;9.9874317;"Rotherbaum, Hamburg"
hamburg;DE;1695000;157;4.5;53.5715093;10.0127361;"Uhlenhorst, Hamburg"
hamburg;DE;1385000;188;5;53.5550626;9.8878602;"Othmarschen, Hamburg"
hamburg;DE;1095000;154;4;53.5550626;9.8878602;"Othmarschen, Hamburg"
hamburg;DE;1980000;165;3;53.5754331;9.9804402;"Harvestehude, Hamburg"
hamburg;DE;459000;48.32;2;53.595716249999995;9.982052344947535;"Im Tale 9, Eppendorf, Hamburg"
hamburg;DE;785000;142;5;53.5651302;10.0823813;"Marienthal, Hamburg"
hamburg;DE;429000;88;4;53.6284111;9.9557091;"Niendorf, Hamburg"
hamburg;DE;350000;79;3;53.6323399;10.0233695;"Fuhlsbüttel, Hamburg"
hamburg;DE;554000;75;3;53.6431;10.0897;"Wellingsbüttel, Hamburg"
hamburg;DE;595000;86.12;3;53.5847;9.75639;"Rissen, Hamburg"
hamburg;DE;875000;120.84;3.5;53.5847;9.75639;"Rissen, Hamburg"
hamburg;DE;875000;121.87;4;53.5847;9.75639;"Rissen, Hamburg"
hamburg;DE;1950000;201;4;53.5655862;9.8792333;"Groß Flottbek, Hamburg"
hamburg;DE;1190000;175;7;53.5575;9.80306;"Blankenese, Hamburg"
hamburg;DE;985000;130;4;53.5575;9.80306;"Blankenese, Hamburg"
hamburg;DE;995000;109.4;4;53.5963901;10.0038317;"Winterhude, Hamburg"
hamburg;DE;339000;87;3;53.6038827;10.1581547;"Rahlstedt, Hamburg"
hamburg;DE;2950000;172;3;53.5715093;10.0127361;"Uhlenhorst, Hamburg"
hamburg;DE;2195000;242;6;53.5569933;10.0141623;"St. Georg, Hamburg"
hamburg;DE;99000;22.84;1;53.42432925;9.9736358;"Sinstorfer Kirchweg 22, Sinstorf, Hamburg"
hamburg;DE;249000;77;2.5;53.6038827;10.1581547;"Rahlstedt, Hamburg"
hamburg;DE;229000;61;2;53.6038827;10.1581547;"Rahlstedt, Hamburg"
hamburg;DE;1790000;439;9;53.573433550000004;9.984401099299095;"Parkallee 10, Harvestehude, Hamburg"
hamburg;DE;749000;82;3;53.57905985;9.970682732386361;"Roonstraße 18, Hoheluft-West, Hamburg"
hamburg;DE;609000;108.76;4;53.6405454;10.0960326;"Saseler Chaussee 34, Wellingsbüttel, Hamburg"
hamburg;DE;596000;103.09;4;53.6405454;10.0960326;"Saseler Chaussee 34, Wellingsbüttel, Hamburg"
hamburg;DE;335000;73;3;53.5690699;9.9055827;"Bahrenfeld, Hamburg"
hamburg;DE;490000;107;3;53.6522;10.1169;"Sasel, Hamburg"
hamburg;DE;2150000;215;5;53.5963901;10.0038317;"Winterhude, Hamburg"
hamburg;DE;3389000;205;3.5;53.5715093;10.0127361;"Uhlenhorst, Hamburg"
hamburg;DE;1950000;160;3;53.56612365;9.989491531416627;"Rothenbaumchaussee 44, Rotherbaum, Hamburg"
hamburg;DE;405000;75;2;53.5651302;10.0823813;"Marienthal, Hamburg"
hamburg;DE;846000;112.78;4;53.591061499999995;9.946186381300727;"Julius-Vosseler-Straße 92, Lokstedt, Hamburg"
hamburg;DE;2950000;292;5;53.5963901;10.0038317;"Winterhude, Hamburg"
hamburg;DE;840000;116;5;;;"Winterlindenweg 83, Barmbek-Nord, Hamburg"
hamburg;DE;730000;101.17;4;;;"Winterlindenweg 83, Barmbek-Nord, Hamburg"
hamburg;DE;412000;72.2;3;53.5967771;9.9284099;"Stellingen, Hamburg"
hamburg;DE;396000;73.26;3;53.5967771;9.9284099;"Stellingen, Hamburg"
hamburg;DE;429950;96;4;53.6366846;9.9205714;"Schleswiger Damm 260 a-b, Schnelsen, Hamburg"
hamburg;DE;439950;93;3;53.6366846;9.9205714;"Schleswiger Damm 260 a-b, Schnelsen, Hamburg"
hamburg;DE;549000;100.57;4;53.6522;10.1169;"Sasel, Hamburg"
hamburg;DE;695000;97;3.5;53.5550226;9.91862642776886;"Hohenzollernring 88, Ottensen, Hamburg"
hamburg;DE;319000;44;2;53.5651302;10.0823813;"Marienthal, Hamburg"
hamburg;DE;1900000;242;6;53.5550658;9.9198188;"Ottensen, Hamburg"
hamburg;DE;370000;57.36;2;53.5496598;9.945352;"Altona-Altstadt, Hamburg"
hamburg;DE;1225000;162;5;53.5655862;9.8792333;"Groß Flottbek, Hamburg"
hamburg;DE;890000;105;4;53.5655862;9.8792333;"Groß Flottbek, Hamburg"
hamburg;DE;631499;104.38;4;53.6284111;9.9557091;"Niendorf, Hamburg"
hamburg;DE;639477;103.98;4;53.6284111;9.9557091;"Niendorf, Hamburg"
hamburg;DE;285000;71;3;53.6374003;9.9188308;"Schnelsen, Hamburg"
hamburg;DE;400000;72.34;3;53.5967771;9.9284099;"Stellingen, Hamburg"
hamburg;DE;412000;72.34;3;53.5967771;9.9284099;"Stellingen, Hamburg"
hamburg;DE;598000;61;2;53.5963901;10.0038317;"Winterhude, Hamburg"
hamburg;DE;399000;56;2;53.5718037;10.0606329;"Brauhausstieg 47-57, Wandsbek, Hamburg"
hamburg;DE;540000;79;2;53.5903912;9.9868771;"Eppendorf, Hamburg"
hamburg;DE;340000;79.3;3;53.616809;10.0790012;"Bramfeld, Hamburg"
hamburg;DE;1190000;178;4;53.6431;10.0897;"Wellingsbüttel, Hamburg"
hamburg;DE;318000;53;1.5;53.568587449999995;9.957509040066977;"Marthastraße 41A, Eimsbüttel, Hamburg"
hamburg;DE;990000;132;4;53.5496598;9.945352;"Altona-Altstadt, Hamburg"
hamburg;DE;380000;61;3;53.5724835;9.9501;"Eimsbüttel, Hamburg"
hamburg;DE;805000;90;2;53.5903912;9.9868771;"Eppendorf, Hamburg"
hamburg;DE;623000;70;3;53.5724835;9.9501;"Eimsbüttel, Hamburg"
hamburg;DE;2100000;167;3;53.5754331;9.9804402;"Harvestehude, Hamburg"
hamburg;DE;960000;68;2;53.539506;9.992880795253166;"Am Strandkai 3, HafenCity, Hamburg"
hamburg;DE;325000;102;4;53.59441995;10.117192148844088;"Ebeersreye 116, Farmsen-Berne, Hamburg"
hamburg;DE;7100000;260;3;53.539506;9.992880795253166;"Am Strandkai 3, HafenCity, Hamburg"
hamburg;DE;410000;67;2.5;53.61001135;10.037245077298738;"Fuhlsbüttler Str. 551, Ohlsdorf, Hamburg"
hamburg;DE;289000;70;3;53.6431;10.0897;"Wellingsbüttel, Hamburg"
hamburg;DE;410000;52.4;1.5;53.5814622;10.0482809;"Weizenkamp 16, Barmbek-Süd, Hamburg"
hamburg;DE;1390000;125;3.5;53.5599967;9.829586;"Christian-August-Weg 1b, Nienstedten, Hamburg"
hamburg;DE;260000;52;2;53.4722539;9.822948;"Sandbek 1, Neugraben-Fischbek, Hamburg"
hamburg;DE;305000;61;2;53.4722539;9.822948;"Sandbek 1, Neugraben-Fischbek, Hamburg"
hamburg;DE;235900;34;1;53.5903912;9.9868771;"Eppendorf, Hamburg"
hamburg;DE;2985000;131;3;53.5669149;9.998946396048074;"Alte Rabenstraße 3, Rotherbaum, Hamburg"
hamburg;DE;3425000;153;3;53.5669149;9.998946396048074;"Alte Rabenstraße 3, Rotherbaum, Hamburg"
hamburg;DE;339000;74;4;53.6284111;9.9557091;"Niendorf, Hamburg"
hamburg;DE;259000;65.18;2;53.5988941;10.0480997;"Barmbek-Nord, Hamburg"
hamburg;DE;525000;88;3.5;53.5651302;10.0823813;"Marienthal, Hamburg"
hamburg;DE;440000;68.27;2.5;53.5724835;9.9501;"Eimsbüttel, Hamburg"
hamburg;DE;579000;83.42;2;53.5812907;9.949198;"Lutterothstraße 61, Eimsbüttel, Hamburg"
hamburg;DE;260000;79;2;53.5758367;10.1337359;"Jenfeld, Hamburg"
hamburg;DE;410000;58.93;2.5;53.5942528;10.0534835;"Schlicksweg 24, Barmbek-Nord, Hamburg"
hamburg;DE;360000;85;3;53.616809;10.0790012;"Bramfeld, Hamburg"
hamburg;DE;225000;40;1;53.5550288;10.0332999;"Borgfelde, Hamburg"
hamburg;DE;835000;66;2;53.5623109;9.9959056;"Warburgstraße 35, Rotherbaum, Hamburg"
hamburg;DE;475000;124;5;53.6811;10.0867;"Lemsahl-Mellingstedt, Hamburg"
hamburg;DE;1700000;180;5.5;53.5963901;10.0038317;"Winterhude, Hamburg"
hamburg;DE;238000;40;2;53.59554895;10.126316683540164;"Barenkrug 30, Farmsen-Berne, Hamburg"
hamburg;DE;238000;41;2;53.59554895;10.126316683540164;"Barenkrug 30, Farmsen-Berne, Hamburg"
hamburg;DE;394000;75;3;53.59554895;10.126316683540164;"Barenkrug 30, Farmsen-Berne, Hamburg"
hamburg;DE;274000;29.5;1;53.5569933;10.0141623;"St. Georg, Hamburg"
hamburg;DE;995000;122.32;4.5;53.5754331;9.9804402;"Harvestehude, Hamburg"
hamburg;DE;559000;103;4;53.5651302;10.0823813;"Marienthal, Hamburg"
hamburg;DE;889000;108;3;53.5903912;9.9868771;"Eppendorf, Hamburg"
hamburg;DE;785000;146;4;53.56938395;9.840645233015657;"Düsterntwiete 8, Osdorf, Hamburg"
hamburg;DE;1080000;179;3;53.5550626;9.8878602;"Othmarschen, Hamburg"
hamburg;DE;445000;61.2;2.5;53.5903912;9.9868771;"Eppendorf, Hamburg"
hamburg;DE;385000;57.4;2;53.5903912;9.9868771;"Eppendorf, Hamburg"
hamburg;DE;395000;93;3;53.6038827;10.1581547;"Rahlstedt, Hamburg"
hamburg;DE;397200;83;3;53.616809;10.0790012;"Bramfeld, Hamburg"
hamburg;DE;297500;63.14;2;53.5967771;9.9284099;"Stellingen, Hamburg"
hamburg;DE;319000;102;3;53.4513998;9.9421973;"Eißendorf, Hamburg"
hamburg;DE;1680000;179.02;6;53.582976099999996;9.983751501016695;"Isestr. 69, Harvestehude, Hamburg"
hamburg;DE;1198000;128;4;53.5749218;9.961159438827586;"Eichenstraße 21, Eimsbüttel, Hamburg"
hamburg;DE;185000;45;2;53.672252549999996;9.991718355188006;"Essener Straße 71, Langenhorn, Hamburg"
hamburg;DE;370000;53;2;53.5724835;9.9501;"Eimsbüttel, Hamburg"
hamburg;DE;345000;43;2;53.5963901;10.0038317;"Winterhude, Hamburg"
hamburg;DE;3560000;330;7;53.582976099999996;9.983751501016695;"Isestr. 69, Harvestehude, Hamburg"
hamburg;DE;378460;72;3;53.6065341;10.0455241;"Noldering 26b, Steilshoop, Hamburg"
hamburg;DE;725000;145;4;53.5540624;10.0889179;"Horn, Hamburg"
hamburg;DE;229000;52;2;53.6633;10.0083;"Langenhorn, Hamburg"
hamburg;DE;1200000;116;3;53.5715093;10.0127361;"Uhlenhorst, Hamburg"
hamburg;DE;448650;72;3;53.6065341;10.0455241;"Noldering 26b, Steilshoop, Hamburg"
hamburg;DE;424900;84;3;53.605;9.91611;"Eidelstedt, Hamburg"
hamburg;DE;409000;81;3;53.561882;10.0211917;"Hohenfelde, Hamburg"
hamburg;DE;409000;81;2;53.561882;10.0211917;"Hohenfelde, Hamburg"
hamburg;DE;675000;76;3;53.5496598;9.945352;"Altona-Altstadt, Hamburg"
hamburg;DE;679000;80;3;53.5498808;9.9790482;"Neustadt, Hamburg"
hamburg;DE;456000;114.86;4;53.5063478;10.2086426;"Lohbrügge, Hamburg"
hamburg;DE;399000;101.29;4;53.5738475;9.8602253;"Osdorf, Hamburg"
hamburg;DE;379000;74;2.5;53.5967771;9.9284099;"Stellingen, Hamburg"
hamburg;DE;225000;61.4;3;53.5869;10.1175;"Tonndorf, Hamburg"
hamburg;DE;495000;77;3;53.6215437;10.0377601;"Ohlsdorf, Hamburg"
hamburg;DE;2950000;196;4;53.5754331;9.9804402;"Harvestehude, Hamburg"
hamburg;DE;162000;54;2;53.4637464;9.9453124;"Heimfeld, Hamburg"
hamburg;DE;215000;73;3;53.6106843;10.058728;"Steilshoop, Hamburg"
hamburg;DE;297500;50.5;2;53.557859949999994;10.094565574425179;"Hamm-Nord, Hamburg"
hamburg;DE;239900;67.68;2.5;53.6038827;10.1581547;"Rahlstedt, Hamburg"
hamburg;DE;470000;94;3;53.7019;10.1306;"Wohldorf-Ohlstedt, Hamburg"
hamburg;DE;359000;74;3;53.5967771;9.9284099;"Stellingen, Hamburg"
hamburg;DE;895000;133;4;53.5575;9.80306;"Blankenese, Hamburg"
hamburg;DE;950000;145;5;53.5575;9.80306;"Blankenese, Hamburg"
hamburg;DE;195000;41;1.5;53.5758367;10.1337359;"Jenfeld, Hamburg"
hamburg;DE;360000;87;3;53.4513998;9.9421973;"Eißendorf, Hamburg"
hamburg;DE;550000;87;2;53.5575;9.80306;"Blankenese, Hamburg"
hamburg;DE;3150000;198.43;4;53.56770215;9.99116353161798;"Feldbrunnenstraße 54, Rotherbaum, Hamburg"
hamburg;DE;1100000;171;6;53.5963901;10.0038317;"Winterhude, Hamburg"
hamburg;DE;589000;112.42;2;53.5672366;10.0452407;"Eilbek, Hamburg"
hamburg;DE;389000;90;3.5;53.6038827;10.1581547;"Rahlstedt, Hamburg"
hamburg;DE;249000;59.66;2.5;53.616809;10.0790012;"Bramfeld, Hamburg"
hamburg;DE;679000;125;3.5;53.5550626;9.8878602;"Othmarschen, Hamburg"
hamburg;DE;210000;48;2;53.6633;10.0083;"Langenhorn, Hamburg"
hamburg;DE;895000;137;4;53.7019;10.1306;"Wohldorf-Ohlstedt, Hamburg"
hamburg;DE;299000;71;2;53.5690699;9.9055827;"Bahrenfeld, Hamburg"
hamburg;DE;198000;39;1;53.5798851;10.0432506;"Barmbek-Süd, Hamburg"
hamburg;DE;579000;112;4.5;53.658658349999996;10.003234387300136;"Langenhorner Chaussee 365, Langenhorn, Hamburg"
hamburg;DE;499000;109;2.5;53.658658349999996;10.003234387300136;"Langenhorner Chaussee 365, Langenhorn, Hamburg"
hamburg;DE;398000;63;2;53.5724835;9.9501;"Eimsbüttel, Hamburg"
hamburg;DE;318000;65;2.5;53.616809;10.0790012;"Bramfeld, Hamburg"
hamburg;DE;855000;150;3.5;53.6431;10.0897;"Wellingsbüttel, Hamburg"
hamburg;DE;855000;150;3.5;53.6431;10.0897;"Wellingsbüttel, Hamburg"
hamburg;DE;399000;162;5;53.42432925;9.9736358;"Sinstorfer Kirchweg 22, Sinstorf, Hamburg"
hamburg;DE;200000;65;2.5;53.6100427;10.1124083;"Farmsen-Berne, Hamburg"
hamburg;DE;360000;67;2;53.5967771;9.9284099;"Stellingen, Hamburg"
hamburg;DE;650000;100;2.5;53.5724835;9.9501;"Eimsbüttel, Hamburg"
hamburg;DE;399000;106;4;53.6323399;10.0233695;"Fuhlsbüttel, Hamburg"
hamburg;DE;1650000;111;3;53.5569933;10.0141623;"St. Georg, Hamburg"
hamburg;DE;3900000;211;4;53.5569933;10.0141623;"St. Georg, Hamburg"
hamburg;DE;629000;143;2;53.61797215;10.151308035491072;"Berner Str. 44, Rahlstedt, Hamburg"
hamburg;DE;1795000;205.19;4.5;53.5655862;9.8792333;"Groß Flottbek, Hamburg"
hamburg;DE;259500;84;2;53.4637464;9.9453124;"Heimfeld, Hamburg"
hamburg;DE;219750;62;2;53.4541741;9.9890136;"Harburg, Hamburg"
hamburg;DE;239000;70;3;53.4541741;9.9890136;"Harburg, Hamburg"
hamburg;DE;495000;82.9;3;53.5724835;9.9501;"Eimsbüttel, Hamburg"
hamburg;DE;260000;68;3;53.6284111;9.9557091;"Niendorf, Hamburg"
hamburg;DE;199000;43;2;53.4858;10.2267;"Bergedorf, Hamburg"
hamburg;DE;1050000;119.81;2.5;53.5963901;10.0038317;"Winterhude, Hamburg"
hamburg;DE;180000;38;2;53.5690699;9.9055827;"Bahrenfeld, Hamburg"
hamburg;DE;370000;77;2;53.5690699;9.9055827;"Bahrenfeld, Hamburg"
hamburg;DE;749000;103.88;4;53.5967771;9.9284099;"Stellingen, Hamburg"
hamburg;DE;1240000;163;5;53.5988941;10.0480997;"Barmbek-Nord, Hamburg"
hamburg;DE;165000;47;1.5;53.6564;10.0742;"Poppenbüttel, Hamburg"
hamburg;DE;1385000;151;4;53.6105412;10.0038889;"Alsterdorf, Hamburg"
hamburg;DE;239000;59;2;53.5540624;10.0889179;"Horn, Hamburg"
hamburg;DE;219000;56.81;2;53.6215437;10.0377601;"Ohlsdorf, Hamburg"
hamburg;DE;320000;72;2;53.4394131;9.9520526;"Marmstorf, Hamburg"
hamburg;DE;285000;81;3;53.6374003;9.9188308;"Schnelsen, Hamburg"
hamburg;DE;965000;136;3;53.6045788;9.991499609168184;"Orchideenstieg 10c, Alsterdorf, Hamburg"
hamburg;DE;1890000;139;3;53.5429127;9.9958346;"HafenCity, Hamburg"
hamburg;DE;419000;87.16;3;53.6284111;9.9557091;"Niendorf, Hamburg"
hamburg;DE;110000;31.87;1;53.587139;10.07765209835901;"Lesserstraße 111, Wandsbek, Hamburg"
hamburg;DE;695000;107.29;4;53.5550626;9.8878602;"Othmarschen, Hamburg"
hamburg;DE;195000;50.6;2;53.6633;10.0083;"Langenhorn, Hamburg"
hamburg;DE;980000;120;4;53.5834338;9.9752203;"Hoheluft-Ost, Hamburg"
hamburg;DE;349000;75;3;53.6106843;10.058728;"Steilshoop, Hamburg"
hamburg;DE;260000;62;2.5;53.5355872;10.0369161;"Rothenburgsort, Hamburg"
hamburg;DE;229000;74;3;53.5488992;10.1226247;"Billstedt, Hamburg"
hamburg;DE;4850000;367;9;53.5524166;9.8443521;"Nienstedten, Hamburg"
hamburg;DE;429000;98.6;3.5;53.645753049999996;10.088924028758502;"Rehmkoppel 24, Poppenbüttel, Hamburg"
hamburg;DE;291000;43;2;53.5672366;10.0452407;"Eilbek, Hamburg"
hamburg;DE;347000;80;3.5;53.5869;10.1175;"Tonndorf, Hamburg"
hamburg;DE;319000;92;2.5;53.5690699;9.9055827;"Bahrenfeld, Hamburg"
hamburg;DE;399000;115;4;53.5063478;10.2086426;"Lohbrügge, Hamburg"
hamburg;DE;293000;74;3;53.5488992;10.1226247;"Billstedt, Hamburg"
hamburg;DE;359000;94;3.5;53.6485554;10.1647514;"Volksdorf, Hamburg"
hamburg;DE;269000;64;3;53.6485554;10.1647514;"Volksdorf, Hamburg"
hamburg;DE;299000;51.2;2;53.6485554;10.1647514;"Volksdorf, Hamburg"
hamburg;DE;269000;57;2;53.6374003;9.9188308;"Schnelsen, Hamburg"
hamburg;DE;349000;101;3.5;53.5534434;10.0512944;"Hamm-Mitte, Hamburg"
hamburg;DE;405000;63.73;2;53.5650896;9.8516237;"Tönninger Weg 89a, Osdorf, Hamburg"
hamburg;DE;420000;67.37;2;53.5650896;9.8516237;"Tönninger Weg 89a, Osdorf, Hamburg"
hamburg;DE;745000;116;4;53.5798851;10.0432506;"Barmbek-Süd, Hamburg"
hamburg;DE;590000;94;3;53.5798851;10.0432506;"Barmbek-Süd, Hamburg"
hamburg;DE;797000;145;4;53.5798851;10.0432506;"Barmbek-Süd, Hamburg"
hamburg;DE;160000;26.83;1;53.5672366;10.0452407;"Eilbek, Hamburg"
hamburg;DE;175000;47.82;2;53.6346748;9.9531136;"Paul-Sorge-Straße 142a, Niendorf, Hamburg"
hamburg;DE;647300;111;3;53.6082466;10.1476259;"Babenstieg 11, Rahlstedt, Hamburg"
hamburg;DE;869900;85.7;3;53.5550626;9.8878602;"Othmarschen, Hamburg"
hamburg;DE;919900;84.72;3;53.5550626;9.8878602;"Othmarschen, Hamburg"
hamburg;DE;199000;74;3;53.4800907;9.874119;"Rehrstieg 65, Neugraben-Fischbek, Hamburg"
hamburg;DE;645000;76.34;2.5;53.6522;10.1169;"Sasel, Hamburg"
hamburg;DE;199000;31;1;53.5724835;9.9501;"Eimsbüttel, Hamburg"
hamburg;DE;350000;79;3;53.6284111;9.9557091;"Niendorf, Hamburg"
hamburg;DE;597000;92.3;3;53.4922921;9.9962167;"Wilhelmsburg, Hamburg"
hamburg;DE;199000;60;2.5;53.4922921;9.9962167;"Wilhelmsburg, Hamburg"
hamburg;DE;360000;71;2;53.6397433;10.0395255;"Hummelsbüttel, Hamburg"
hamburg;DE;359000;87;3;53.5063478;10.2086426;"Lohbrügge, Hamburg"
hamburg;DE;285000;73;3;53.6431;10.0897;"Wellingsbüttel, Hamburg"
hamburg;DE;498000;100;3;53.6284111;9.9557091;"Niendorf, Hamburg"
hamburg;DE;315000;68;2.5;53.6633;10.0083;"Langenhorn, Hamburg"
hamburg;DE;365000;59.97;2;53.5967771;9.9284099;"Stellingen, Hamburg"
hamburg;DE;799000;156;5;53.6564;10.0742;"Poppenbüttel, Hamburg"
hamburg;DE;1550000;162;5.5;53.5903912;9.9868771;"Eppendorf, Hamburg"
hamburg;DE;345000;94.65;3;53.5488992;10.1226247;"Billstedt, Hamburg"
hamburg;DE;590000;89;3;53.5655862;9.8792333;"Groß Flottbek, Hamburg"
hamburg;DE;229000;63.3;3;53.5540624;10.0889179;"Horn, Hamburg"
hamburg;DE;840000;111;4;53.5724835;9.9501;"Eimsbüttel, Hamburg"
hamburg;DE;215000;57.12;2;;;"Smidtstrasse 11, Hamm-Nord, Hamburg"
hamburg;DE;425000;100;3.5;53.60723525;10.180724757609436;"Sieker Landstraße 57b, Rahlstedt, Hamburg"
hamburg;DE;425000;76;3;53.5738475;9.8602253;"Osdorf, Hamburg"
hamburg;DE;885000;110.16;4.5;53.6043923;10.0466384;"Schmachthäger Straße 42a, Barmbek-Nord, Hamburg"
hamburg;DE;1390000;130;4;53.5715093;10.0127361;"Uhlenhorst, Hamburg"
hamburg;DE;395000;54.74;2;53.5550684;10.0195502;"Stiftstraße 60, St. Georg, Hamburg"
hamburg;DE;495000;72;2;53.5754331;9.9804402;"Harvestehude, Hamburg"
hamburg;DE;484000;66;2;53.6449959;10.0866792;"Rehmkoppel 41, Wellingsbüttel, Hamburg"
hamburg;DE;779000;122;4;53.6449959;10.0866792;"Rehmkoppel 41, Wellingsbüttel, Hamburg"
hamburg;DE;1025000;134;4;53.6449959;10.0866792;"Rehmkoppel 41, Wellingsbüttel, Hamburg"
hamburg;DE;394000;58;2;53.6449959;10.0866792;"Rehmkoppel 41, Wellingsbüttel, Hamburg"
hamburg;DE;450000;56;2;53.6083269;10.0095136;"Alsterdorfer Straße 290, Alsterdorf, Hamburg"
hamburg;DE;445000;56;2;53.6083269;10.0095136;"Alsterdorfer Straße 290, Alsterdorf, Hamburg"
hamburg;DE;444000;57;2;53.6083269;10.0095136;"Alsterdorfer Straße 290, Alsterdorf, Hamburg"
hamburg;DE;369000;76.52;2;53.6007564;10.1439432;"Bargteheider Straße 130, Rahlstedt, Hamburg"
hamburg;DE;359000;76.52;2;53.6007564;10.1439432;"Bargteheider Straße 130, Rahlstedt, Hamburg"
hamburg;DE;179000;56;2;53.5488992;10.1226247;"Billstedt, Hamburg"
hamburg;DE;279000;69;3;53.5760029;10.0755348;"Wandsbek, Hamburg"
hamburg;DE;375000;81;2;53.6038827;10.1581547;"Rahlstedt, Hamburg"
hamburg;DE;385000;98.6;4;53.5980368;10.1225417;"Kroneweg 12, Farmsen-Berne, Hamburg"
hamburg;DE;4139000;210;4;53.5754331;9.9804402;"Harvestehude, Hamburg"
hamburg;DE;1340000;150;4;53.5903912;9.9868771;"Eppendorf, Hamburg"
hamburg;DE;395000;72.01;3;53.561882;10.0211917;"Hohenfelde, Hamburg"
hamburg;DE;565000;133;4;53.6451628;10.163621599999999;"Mellenbergweg 13, Volksdorf, Hamburg"
hamburg;DE;495000;162;4;53.6038827;10.1581547;"Rahlstedt, Hamburg"
hamburg;DE;339000;83;3.5;53.4739581;9.8426482;"Neugraben-Fischbek, Hamburg"
hamburg;DE;199000;31;1;53.5804574;9.9642087;"Wiesingerweg xx, Hoheluft-West, Hamburg"
hamburg;DE;690000;80;2;53.5655862;9.8792333;"Groß Flottbek, Hamburg"
hamburg;DE;430000;97.17;3;53.685271099999994;10.115141829991359;"Sarenweg 16A, Lemsahl-Mellingstedt, Hamburg"
hamburg;DE;148000;40.24;1;53.6038827;10.1581547;"Rahlstedt, Hamburg"
hamburg;DE;725000;78;2;53.585206;10.0262523;"Jarrestraße 58 b, Winterhude, Hamburg"
hamburg;DE;1595000;114.5;3;53.5754331;9.9804402;"Harvestehude, Hamburg"
hamburg;DE;1495000;112.2;3;53.5834338;9.9752203;"Hoheluft-Ost, Hamburg"
hamburg;DE;349000;71;3.5;53.5798851;10.0432506;"Barmbek-Süd, Hamburg"
hamburg;DE;499000;60;2.5;53.5963901;10.0038317;"Winterhude, Hamburg"
hamburg;DE;300000;80;3;53.4394131;9.9520526;"Marmstorf, Hamburg"
hamburg;DE;720000;87;3;53.5569933;10.0141623;"St. Georg, Hamburg"
hamburg;DE;760000;121;4;53.5997273;9.9200658;"Wördemanns Weg 78, Stellingen, Hamburg"
hamburg;DE;272000;48;2;53.5997273;9.9200658;"Wördemanns Weg 78, Stellingen, Hamburg"
hamburg;DE;249000;32.82;1;53.5967771;9.9284099;"Stellingen, Hamburg"
hamburg;DE;508900;69.25;3;53.591061499999995;9.946186381300727;"Julius-Vosseler-Straße 92, Lokstedt, Hamburg"
hamburg;DE;360000;48.78;2;53.591061499999995;9.946186381300727;"Julius-Vosseler-Straße 92, Lokstedt, Hamburg"
hamburg;DE;350000;57.8;2;53.624009;9.951511;"An der Lohe 9, Niendorf, Hamburg"
hamburg;DE;840000;146.95;4;53.624009;9.951511;"An der Lohe 9, Niendorf, Hamburg"
hamburg;DE;1100000;120;3;53.5903912;9.9868771;"Eppendorf, Hamburg"
hamburg;DE;1255000;157;4;53.5550658;9.9198188;"Ottensen, Hamburg"
hamburg;DE;1187000;140;4;53.5550658;9.9198188;"Ottensen, Hamburg"
hamburg;DE;224000;26;1;53.5754331;9.9804402;"Harvestehude, Hamburg"
hamburg;DE;2880000;236;3;53.5754331;9.9804402;"Harvestehude, Hamburg"
hamburg;DE;475000;80;2;53.6105412;10.0038889;"Alsterdorf, Hamburg"
hamburg;DE;5950000;208;3;53.5429127;9.9958346;"HafenCity, Hamburg"
hamburg;DE;1750000;230;7;53.5575;9.80306;"Blankenese, Hamburg"
hamburg;DE;280000;75;3;53.6038827;10.1581547;"Rahlstedt, Hamburg"
hamburg;DE;230000;38;1;53.584991099999996;9.971193793724728;"Breitenfelder Straße 15, Hoheluft-Ost, Hamburg"
hamburg;DE;231036;52;2;53.55794160000001;10.099753203517366;"Heinrich-Kaufmann Ring 36, Horn, Hamburg"
hamburg;DE;359570;86;4;53.55794160000001;10.099753203517366;"Heinrich-Kaufmann Ring 36, Horn, Hamburg"
hamburg;DE;239100;61;2;53.628718649999996;9.965905800000002;"Fuhlsbütteler Weg 85, Niendorf, Hamburg"
hamburg;DE;1250000;143;4.5;53.5963901;10.0038317;"Winterhude, Hamburg"
hamburg;DE;498000;93.97;3;53.5550658;9.9198188;"Ottensen, Hamburg"
hamburg;DE;1090000;180;3;53.5550626;9.8878602;"Othmarschen, Hamburg"
hamburg;DE;450000;77;4;53.5988941;10.0480997;"Barmbek-Nord, Hamburg"
hamburg;DE;2590000;186;4;53.5715093;10.0127361;"Uhlenhorst, Hamburg"
hamburg;DE;1249000;165;5;53.5550658;9.9198188;"Ottensen, Hamburg"
hamburg;DE;1390000;137.4;5;53.5429127;9.9958346;"HafenCity, Hamburg"
hamburg;DE;415000;67;2;53.5798851;10.0432506;"Barmbek-Süd, Hamburg"
hamburg;DE;226000;78.32;3;53.6038827;10.1581547;"Rahlstedt, Hamburg"
hamburg;DE;1700000;186;4;53.6023971;9.9566624;"Lokstedt, Hamburg"
hamburg;DE;235000;48;1;53.5550626;9.8878602;"Othmarschen, Hamburg"
hamburg;DE;229000;22.55;1;53.4922921;9.9962167;"Wilhelmsburg, Hamburg"
hamburg;DE;1500000;136;5;53.5754331;9.9804402;"Harvestehude, Hamburg"
hamburg;DE;715000;96;4;53.5724835;9.9501;"Eimsbüttel, Hamburg"
hamburg;DE;459000;49.26;2;53.595716249999995;9.982052344947535;"Im Tale 9, Eppendorf, Hamburg"
hamburg;DE;509000;146;4;53.7055213;10.1043167;"Duvenstedt, Hamburg"
hamburg;DE;269000;68;3;53.5540624;10.0889179;"Horn, Hamburg"
hamburg;DE;590000;89;3;53.5524166;9.8443521;"Nienstedten, Hamburg"
hamburg;DE;589000;112;2.5;53.5672366;10.0452407;"Eilbek, Hamburg"
hamburg;DE;339000;70;2.5;53.5988941;10.0480997;"Barmbek-Nord, Hamburg"
hamburg;DE;560000;95;5;53.5708524;10.0426431;"Eilenau xx, Eilbek, Hamburg"
hamburg;DE;495000;96.32;4;53.6431;10.0897;"Wellingsbüttel, Hamburg"
hamburg;DE;469000;89.1;3;53.5967771;9.9284099;"Stellingen, Hamburg"
hamburg;DE;640000;79.01;3;53.6043923;10.0466384;"Schmachthäger Straße 42, Barmbek-Nord, Hamburg"
hamburg;DE;445000;89.3;3;53.5651302;10.0823813;"Marienthal, Hamburg"
hamburg;DE;498000;117;3;53.6431;10.0897;"Wellingsbüttel, Hamburg"
hamburg;DE;195000;43.5;1.5;53.5610317;10.0312569;"Lübecker Straße 84, Hohenfelde, Hamburg"
hamburg;DE;619000;83;3;53.5988941;10.0480997;"Barmbek-Nord, Hamburg"
hamburg;DE;299000;36;1;53.5988941;10.0480997;"Barmbek-Nord, Hamburg"
hamburg;DE;490000;60.98;2;53.6043923;10.0466384;"Schmachthäger Straße 42, Barmbek-Nord, Hamburg"
hamburg;DE;470000;65.13;2.5;53.5814362;10.0480055;"Weizenkamp 14, Barmbek-Süd, Hamburg"
hamburg;DE;489000;94.7;2;53.6038827;10.1581547;"Rahlstedt, Hamburg"
hamburg;DE;629000;142.62;3.5;53.6038827;10.1581547;"Rahlstedt, Hamburg"
hamburg;DE;325700;84;3;53.5264123;10.136780692771929;"Steinbeker Hauptstraße 164, Billstedt, Hamburg"
hamburg;DE;615000;100.83;3.5;53.5982482;9.9954947;"Lattenkamp 21, Winterhude, Hamburg"
hamburg;DE;530585;88.23;4;53.5675329;10.042484999074976;"Sandkrug 11, Eilbek, Hamburg"
hamburg;DE;239000;67.5;3;53.6164456;10.156342957204767;"Meiendorferstraße 17d, Rahlstedt, Hamburg"
hamburg;DE;1850000;222.5;4;53.6564;10.0742;"Poppenbüttel, Hamburg"
hamburg;DE;527653.50;93.39;3;53.5811655;9.750035449999999;"Flerrentwiete 30, Rissen, Hamburg"
hamburg;DE;537032.50;95.05;3;53.5811655;9.750035449999999;"Flerrentwiete 30, Rissen, Hamburg"
hamburg;DE;1996700;164.23;5;53.57069405;10.022640925676285;"Averhoffstrasse 26, Uhlenhorst, Hamburg"
hamburg;DE;2735900;224.3;6;53.57069405;10.022640925676285;"Averhoffstrasse 26, Uhlenhorst, Hamburg"
hamburg;DE;540000;93.9;4;53.6323399;10.0233695;"Fuhlsbüttel, Hamburg"
hamburg;DE;550000;93.9;4;53.6323399;10.0233695;"Fuhlsbüttel, Hamburg"
hamburg;DE;599000;124;3;53.60704135;10.135269308470445;"Alter Zollweg 134, Rahlstedt, Hamburg"
hamburg;DE;349000;69.8;2;53.60704135;10.135269308470445;"Alter Zollweg 134, Rahlstedt, Hamburg"
hamburg;DE;299000;110;4;53.4513998;9.9421973;"Eißendorf, Hamburg"
hamburg;DE;548000;66.45;3;53.5617679;9.9632822;"Sternschanze, Hamburg"
hamburg;DE;259000;59;2;53.6564;10.0742;"Poppenbüttel, Hamburg"
hamburg;DE;180000;43;1.5;53.6564;10.0742;"Poppenbüttel, Hamburg"
hamburg;DE;385000;65.5;3;53.5724835;9.9501;"Eimsbüttel, Hamburg"
hamburg;DE;299000;61;2;53.6106843;10.058728;"Steilshoop, Hamburg"
hamburg;DE;496400;72.43;2.5;53.5838097;9.944877146133152;"Wieckstraße 38, Stellingen, Hamburg"
hamburg;DE;2200000;223;5;53.5754331;9.9804402;"Harvestehude, Hamburg"
hamburg;DE;965000;125;4;53.6431;10.0897;"Wellingsbüttel, Hamburg"
hamburg;DE;800000;96;3;53.5550626;9.8878602;"Othmarschen, Hamburg"
hamburg;DE;284000;71;2;53.5063478;10.2086426;"Lohbrügge, Hamburg"
hamburg;DE;499000;104.8;4;53.6284111;9.9557091;"Niendorf, Hamburg"
hamburg;DE;895000;116;4;53.58459415;9.972277740905184;"Falkenried 77, Hoheluft-Ost, Hamburg"
hamburg;DE;290000;54;2.5;53.6734296;10.1268758;"Bergstedt, Hamburg"
hamburg;DE;620500;73;3;53.5834338;9.9752203;"Hoheluft-Ost, Hamburg"
hamburg;DE;569500;67;2;53.5834338;9.9752203;"Hoheluft-Ost, Hamburg"
hamburg;DE;247000;61.72;2;53.5063478;10.2086426;"Lohbrügge, Hamburg"
hamburg;DE;965000;136;3;53.6045788;9.991499609168184;"Orchideenstieg 10c, Alsterdorf, Hamburg"
hamburg;DE;275000;53.46;2;53.5776388;10.046336;"Zeisigstraße 4, Barmbek-Süd, Hamburg"
hamburg;DE;529000;100;3;53.6023971;9.9566624;"Lokstedt, Hamburg"
hamburg;DE;319000;53;2;53.5988941;10.0480997;"Barmbek-Nord, Hamburg"
hamburg;DE;219000;59;2;53.6100427;10.1124083;"Farmsen-Berne, Hamburg"
hamburg;DE;2200000;210;5;53.5550626;9.8878602;"Othmarschen, Hamburg"
hamburg;DE;1000000;103;3;53.5429127;9.9958346;"HafenCity, Hamburg"
hamburg;DE;445000;73;3;53.5847;9.75639;"Rissen, Hamburg"
hamburg;DE;399000;78;3;53.605;9.91611;"Eidelstedt, Hamburg"
hamburg;DE;760000;94;3;53.5550658;9.9198188;"Ottensen, Hamburg"
hamburg;DE;1590000;296;8;53.5575;9.80306;"Blankenese, Hamburg"
hamburg;DE;432000;72.53;2.5;53.5655862;9.8792333;"Groß Flottbek, Hamburg"
hamburg;DE;299000;60.62;2;53.6215437;10.0377601;"Ohlsdorf, Hamburg"
hamburg;DE;729000;154.51;3;53.6485554;10.1647514;"Volksdorf, Hamburg"
hamburg;DE;619000;61;1.5;53.5754331;9.9804402;"Harvestehude, Hamburg"
hamburg;DE;1200000;225;4;53.5651302;10.0823813;"Marienthal, Hamburg"
hamburg;DE;1150000;215;4;53.5651302;10.0823813;"Marienthal, Hamburg"
hamburg;DE;679000;101;3.5;53.5550626;9.8878602;"Othmarschen, Hamburg"
hamburg;DE;414500;67;3;53.586632699999996;10.042425277810146;"Roggenkamp 4, Barmbek-Nord, Hamburg"
hamburg;DE;3250000;230;7;53.5754331;9.9804402;"Harvestehude, Hamburg"
hamburg;DE;298000;58;2;53.6038827;10.1581547;"Rahlstedt, Hamburg"
hamburg;DE;395000;61;2;53.6502862;10.0978293;"Frahmredder 1A, Poppenbüttel, Hamburg"
hamburg;DE;104000;23.3;1;53.49181230000001;10.205174024671628;"Sander Damm 4, Lohbrügge, Hamburg"
hamburg;DE;998000;191;5;53.5575;9.80306;"Blankenese, Hamburg"
hamburg;DE;998000;101;3;53.5869755;9.978137463831487;"Curschmannstr. 26, Eppendorf, Hamburg"
hamburg;DE;349000;69;2.5;53.5815641;10.0410835;"Reesestraße 4a, Barmbek-Süd, Hamburg"
hamburg;DE;1475000;198.94;5;53.5798851;10.0432506;"Barmbek-Süd, Hamburg"
hamburg;DE;900000;129;4.5;53.6023971;9.9566624;"Lokstedt, Hamburg"
hamburg;DE;460000;75;3;53.6100745;10.0111272;"Alsterdorfer Straße 483-485, Alsterdorf, Hamburg"
hamburg;DE;779000;109;3;53.577651;9.800686617062254;"Sülldorfer Kirchenweg 166, Sülldorf, Hamburg"
hamburg;DE;679900;90;3;53.6100745;10.0111272;"Alsterdorfer Str. 510, Alsterdorf, Hamburg"
hamburg;DE;549000;106.08;4;53.6284111;9.9557091;"Niendorf, Hamburg"
hamburg;DE;549000;96;4;53.5967771;9.9284099;"Stellingen, Hamburg"
hamburg;DE;1790000;160;5;53.5550658;9.9198188;"Ottensen, Hamburg"
hamburg;DE;385000;48.77;2;53.5498808;9.9790482;"Neustadt, Hamburg"
hamburg;DE;955000;108;4;53.5696042;10.015932709726261;"Herbert-Weichmann-Straße 12, Uhlenhorst, Hamburg"
hamburg;DE;225000;41;1.5;53.5575;9.80306;"Blankenese, Hamburg"
hamburg;DE;480000;78.5;3;53.5651302;10.0823813;"Marienthal, Hamburg"
hamburg;DE;599000;88;2;53.5614;9.94472;"Altona-Nord, Hamburg"
hamburg;DE;420000;99;3;53.6431;10.0897;"Wellingsbüttel, Hamburg"
hamburg;DE;1095000;141;4.5;53.5550626;9.8878602;"Othmarschen, Hamburg"
hamburg;DE;189000;47.65;2;53.5063478;10.2086426;"Lohbrügge, Hamburg"
hamburg;DE;399000;89;3;53.6038827;10.1581547;"Rahlstedt, Hamburg"
hamburg;DE;445000;61;3;53.5825231;10.0163225;"Gertigstraße 33, Winterhude, Hamburg"
hamburg;DE;450000;185;5.5;53.4321415;9.9893107;"Langenbek, Hamburg"
hamburg;DE;70000;29;1;53.5063478;10.2086426;"Lohbrügge, Hamburg"
hamburg;DE;595000;139;5;53.49480505;10.221651994298613;"Hermann-Distel-Straße 40, Bergedorf, Hamburg"
hamburg;DE;363000;76.83;3;53.4762325;9.8530563;"Torfstecherweg 58, Neugraben-Fischbek, Hamburg"
hamburg;DE;323000;70.89;2;53.4762325;9.8530563;"Torfstecherweg 58, Neugraben-Fischbek, Hamburg"
hamburg;DE;199000;29.39;1;53.5798851;10.0432506;"Barmbek-Süd, Hamburg"
hamburg;DE;385000;85;3;53.5738475;9.8602253;"Osdorf, Hamburg"
hamburg;DE;348000;73;3;53.6564;10.0742;"Poppenbüttel, Hamburg"
hamburg;DE;209000;55.78;2;53.5758367;10.1337359;"Jenfeld, Hamburg"
hamburg;DE;1520000;135;3;53.5684065;9.9874317;"Rotherbaum, Hamburg"
hamburg;DE;579000;82;3;53.561882;10.0211917;"Hohenfelde, Hamburg"
hamburg;DE;450000;80;3;53.4759306;9.8491874;"Torfstecherweg 0, Neugraben-Fischbek, Hamburg"
hamburg;DE;310000;86;4;53.5758367;10.1337359;"Jenfeld, Hamburg"
hamburg;DE;295000;52.91;2;53.557859949999994;10.094565574425179;"Hamm-Nord, Hamburg"
hamburg;DE;2995000;385;6;53.5724835;9.9501;"Eimsbüttel, Hamburg"
hamburg;DE;565000;94.4;3;53.5903912;9.9868771;"Eppendorf, Hamburg"
hamburg;DE;189000;46;1.5;53.6100427;10.1124083;"Farmsen-Berne, Hamburg"
hamburg;DE;950000;98;3.5;53.5754331;9.9804402;"Harvestehude, Hamburg"
hamburg;DE;149000;38;1;53.546274600000004;10.140819345906248;"Koolbarg 40d, Billstedt, Hamburg"
hamburg;DE;329000;73;3;53.616809;10.0790012;"Bramfeld, Hamburg"
hamburg;DE;399999;65;3;53.574128;10.07556795;"Schädlerstraße 11, Wandsbek, Hamburg"
hamburg;DE;679000;87;4;53.5715093;10.0127361;"Uhlenhorst, Hamburg"
hamburg;DE;760000;133;4;53.6284111;9.9557091;"Niendorf, Hamburg"
hamburg;DE;760000;124;4;53.6284111;9.9557091;"Niendorf, Hamburg"
hamburg;DE;409000;70;2;53.6105412;10.0038889;"Alsterdorf, Hamburg"
hamburg;DE;349000;80;2;53.6431;10.0897;"Wellingsbüttel, Hamburg"
hamburg;DE;395000;82;3;53.616809;10.0790012;"Bramfeld, Hamburg"
hamburg;DE;349000;72;3;53.5690699;9.9055827;"Bahrenfeld, Hamburg"
hamburg;DE;339000;60;2;53.6038827;10.1581547;"Rahlstedt, Hamburg"
hamburg;DE;695000;124;5;53.6105412;10.0038889;"Alsterdorf, Hamburg"
hamburg;DE;475000;93;3;53.5651302;10.0823813;"Marienthal, Hamburg"
hamburg;DE;295000;67.28;2;53.6284111;9.9557091;"Niendorf, Hamburg"
hamburg;DE;85000;30;1;53.5760029;10.0755348;"Wandsbek, Hamburg"
hamburg;DE;320000;64;2;53.6057351;10.0468291;"Noldering 5, Steilshoop, Hamburg"
hamburg;DE;915000;129;2;53.5665353;10.01702437040635;"Schwanenwik 29, Uhlenhorst, Hamburg"
hamburg;DE;750000;90;3;53.561882;10.0211917;"Hohenfelde, Hamburg"
hamburg;DE;169000;25;1;53.6348393;9.9534687;"Paul-Sorge-Str. 142, Niendorf, Hamburg"
hamburg;DE;199000;58.5;2;53.5488992;10.1226247;"Billstedt, Hamburg"
hamburg;DE;485000;115;4.5;53.6023971;9.9566624;"Lokstedt, Hamburg"
hamburg;DE;749000;130;3;53.5063478;10.2086426;"Lohbrügge, Hamburg"
hamburg;DE;375000;128.64;4.5;53.6215437;10.0377601;"Ohlsdorf, Hamburg"
hamburg;DE;289000;68;2.5;53.5869;10.1175;"Tonndorf, Hamburg"
hamburg;DE;269000;78;3;53.5929519;9.874564;"Lurup, Hamburg"
hamburg;DE;269900;66;3;53.57904795;9.806650400000002;"Sülldorfer Landstrasse 116, Sülldorf, Hamburg"
hamburg;DE;414999;105;3;53.5973774;10.1234949;"Kupferdamm 114, Farmsen-Berne, Hamburg"
hamburg;DE;949000;125;4;53.5984337;9.937612;"Gazellenkamp 189, Stellingen, Hamburg"
hamburg;DE;999000;113;4;53.5575;9.80306;"Blankenese, Hamburg"
hamburg;DE;940000;117;5;53.5655862;9.8792333;"Groß Flottbek, Hamburg"
hamburg;DE;725000;91;3;53.5662308;9.9766066;"Laufgraben 20, Rotherbaum, Hamburg"
hamburg;DE;175500;38.3;2;53.565849;10.074797356554242;"Kurvenstraße 26, Marienthal, Hamburg"
hamburg;DE;439000;95;3;53.579504799999995;9.8210331;"Hein-Kröger-Straße 37, Iserbrook, Hamburg"
hamburg;DE;275000;56;2;53.6485554;10.1647514;"Volksdorf, Hamburg"
hamburg;DE;950000;103;3.5;53.5575;9.80306;"Blankenese, Hamburg"
hamburg;DE;329000;59.44;3;53.5739869;10.0281753;"Bachstraße 27, Barmbek-Süd, Hamburg"
hamburg;DE;525000;85;3;53.5760029;10.0755348;"Wandsbek, Hamburg"
hamburg;DE;525000;84;3;53.5760029;10.0755348;"Wandsbek, Hamburg"
hamburg;DE;1950000;146;5;53.5715093;10.0127361;"Uhlenhorst, Hamburg"
hamburg;DE;230000;59;2;53.5978257;9.9513625;"Julius-Vosseler-Straße 15, Lokstedt, Hamburg"
hamburg;DE;1395000;100;3;53.5684065;9.9874317;"Rotherbaum, Hamburg"
hamburg;DE;2590000;133;3;53.5754331;9.9804402;"Harvestehude, Hamburg"
hamburg;DE;304400;69;3;53.6326501;9.8996744;"Albertine Assor Straße 19 c, Schnelsen, Hamburg"
hamburg;DE;350000;60;2.5;53.5988941;10.0480997;"Barmbek-Nord, Hamburg"
hamburg;DE;329000;83.1;4;53.4739581;9.8426482;"Neugraben-Fischbek, Hamburg"
hamburg;DE;205900;55.7;2;53.5988941;10.0480997;"Barmbek-Nord, Hamburg"
hamburg;DE;1429400;196.17;6;53.5719627;9.8452538;"Wesselburer Weg 12 a, Osdorf, Hamburg"
hamburg;DE;724800;95.66;3;53.5719627;9.8452538;"Wesselburer Weg 12 a, Osdorf, Hamburg"
hamburg;DE;169000;25;1;53.6357987;9.949995074920636;"paul sorge str 145, Niendorf, Hamburg"
hamburg;DE;810000;115;3;53.5695586;9.9546076;"Eimsbütteler Chaussee 43, Eimsbüttel, Hamburg"
hamburg;DE;100000;21;1;53.5963901;10.0038317;"Winterhude, Hamburg"
hamburg;DE;257000;61.87;2;53.5760029;10.0755348;"Wandsbek, Hamburg"
hamburg;DE;350000;41.5;1;53.5963901;10.0038317;"Winterhude, Hamburg"
hamburg;DE;225000;56;2;53.6100427;10.1124083;"Farmsen-Berne, Hamburg"
hamburg;DE;749000;123.78;4;53.5651302;10.0823813;"Marienthal, Hamburg"
hamburg;DE;447000;90;3;53.6284111;9.9557091;"Niendorf, Hamburg"
hamburg;DE;305000;78;3;53.6522;10.1169;"Sasel, Hamburg"
hamburg;DE;242500;53.24;2;53.623916550000004;9.914665552286529;"Spanische Furt 23, Schnelsen, Hamburg"
hamburg;DE;80000;29;1;53.4975206;10.2098623;"Am Beckerkamp 12-18, Lohbrügge, Hamburg"
hamburg;DE;378000;61.08;2.5;53.5963901;10.0038317;"Winterhude, Hamburg"
hamburg;DE;275000;76.1;3;53.6106843;10.058728;"Steilshoop, Hamburg"
hamburg;DE;891600;132.05;3;53.5721683;9.8584744;"Am Landpflegeheim 64, Osdorf, Hamburg"
hamburg;DE;660800;97.87;3;53.5721683;9.8584744;"Am Landpflegeheim 64, Osdorf, Hamburg"
hamburg;DE;498000;64;2;53.5614;9.94472;"Altona-Nord, Hamburg"
hamburg;DE;420000;125;3;53.5063478;10.2086426;"Lohbrügge, Hamburg"
hamburg;DE;185000;70;3;53.4321415;9.9893107;"Langenbek, Hamburg"
hamburg;DE;319000;73;3;53.5760029;10.0755348;"Wandsbek, Hamburg"
hamburg;DE;292732;58.98;2;53.5848722;10.0215125;"Glindweg 7, Winterhude, Hamburg"
hamburg;DE;327810;67.6;2;53.5848722;10.0215125;"Glindweg 7, Winterhude, Hamburg"
hamburg;DE;425894;79;3;53.5847347;10.0208746;"Rambatzweg 8, Winterhude, Hamburg"
hamburg;DE;305966;63.91;2;53.5848722;10.0215125;"Glindweg 7, Winterhude, Hamburg"
hamburg;DE;335965;62.36;2;53.5847347;10.0208746;"Rambatzweg 8, Winterhude, Hamburg"
hamburg;DE;399548;79.41;2.5;53.5848722;10.0215125;"Glindweg 7, Winterhude, Hamburg"
hamburg;DE;259669;58.81;2;53.5848722;10.0215125;"Glindweg 7, Winterhude, Hamburg"
hamburg;DE;236758;57.53;2;53.5848722;10.0215125;"Glindweg 7, Winterhude, Hamburg"
hamburg;DE;688115;113.27;3.5;53.5848722;10.0215125;"Glindweg 7, Winterhude, Hamburg"
hamburg;DE;482385;79.41;3;53.5848722;10.0215125;"Glindweg 7, Winterhude, Hamburg"
hamburg;DE;419204;79.47;2.5;53.5847347;10.0208746;"Rambatzweg 8, Winterhude, Hamburg"
hamburg;DE;264168;59.3;2;53.5847347;10.0208746;"Rambatzweg 8, Winterhude, Hamburg"
hamburg;DE;427045;70.18;2.5;53.5847347;10.0208746;"Rambatzweg 8, Winterhude, Hamburg"
hamburg;DE;429385;78.92;2.5;53.5847347;10.0208746;"Rambatzweg 8, Winterhude, Hamburg"
hamburg;DE;325645;60.66;2;53.5847347;10.0208746;"Rambatzweg 8, Winterhude, Hamburg"
hamburg;DE;468206;81.17;2;53.5848722;10.0215125;"Glindweg 7, Winterhude, Hamburg"
hamburg;DE;331653;76.29;2.5;53.5848722;10.0215125;"Glindweg 7, Winterhude, Hamburg"
hamburg;DE;348116;68.4;3;53.5848488;10.0211495;"Lorenzengasse 12, Winterhude, Hamburg"
hamburg;DE;279000;66.78;3;53.5738475;9.8602253;"Osdorf, Hamburg"
hamburg;DE;339400;85;3.5;53.6522;10.1169;"Sasel, Hamburg"
hamburg;DE;290000;72;2;53.5488992;10.1226247;"Billstedt, Hamburg"
hamburg;DE;595000;97;5;53.5967771;9.9284099;"Stellingen, Hamburg"
hamburg;DE;449000;135;4;53.6038827;10.1581547;"Rahlstedt, Hamburg"
hamburg;DE;419000;93.07;5;53.6038827;10.1581547;"Rahlstedt, Hamburg"
hamburg;DE;1890000;218.25;4;53.5591781;9.867256049584693;"Papenkamp 33, Groß Flottbek, Hamburg"
hamburg;DE;1117000;134.08;5;53.5591781;9.867256049584693;"Papenkamp 33, Groß Flottbek, Hamburg"
hamburg;DE;299000;48.5;2;53.5798851;10.0432506;"Barmbek-Süd, Hamburg"
hamburg;DE;299000;67.38;2;53.616809;10.0790012;"Bramfeld, Hamburg"
hamburg;DE;269999;66;3;53.57904795;9.806650400000002;"Sülldorfer Landstrasse 116, Sülldorf, Hamburg"
hamburg;DE;398000;73.8;3;53.5724835;9.9501;"Eimsbüttel, Hamburg"
hamburg;DE;200000;61;2;53.4637464;9.9453124;"Heimfeld, Hamburg"
hamburg;DE;517484;113;5;53.5760029;10.0755348;"Wandsbek, Hamburg"
hamburg;DE;224000;44;1;53.58772185;9.927722429908908;"Warnstedtstraße 71, Stellingen, Hamburg"
hamburg;DE;415000;62.14;3;53.5957058;9.9780309;"Frickestraße 63b, Eppendorf, Hamburg"
hamburg;DE;1550000;163;3;53.5807542;9.9683313;"Hoheluft-West, Hamburg"
hamburg;DE;285000;78;2.5;53.6038827;10.1581547;"Rahlstedt, Hamburg"
hamburg;DE;229000;44.66;2;53.5798851;10.0432506;"Barmbek-Süd, Hamburg"
hamburg;DE;253000;56;2;53.6326501;9.8996744;"Albertine Assor Straße 19 c, Schnelsen, Hamburg"
hamburg;DE;547500;97.67;3;53.4637464;9.9453124;"Heimfeld, Hamburg"
hamburg;DE;397500;72.09;2;53.4637464;9.9453124;"Heimfeld, Hamburg"
hamburg;DE;530000;80;3;53.561882;10.0211917;"Hohenfelde, Hamburg"
hamburg;DE;699000;135;3;53.605;9.91611;"Eidelstedt, Hamburg"
hamburg;DE;549000;125;4;53.5929519;9.874564;"Lurup, Hamburg"
hamburg;DE;198000;47;2;53.5760029;10.0755348;"Wandsbek, Hamburg"
hamburg;DE;229000;64;2.5;53.4490678;10.2290905;"Curslack, Hamburg"
hamburg;DE;979900;98;3;53.5429127;9.9958346;"HafenCity, Hamburg"
hamburg;DE;938000;124;3;53.6105412;10.0038889;"Alsterdorf, Hamburg"
hamburg;DE;239000;28;1;53.5988941;10.0480997;"Barmbek-Nord, Hamburg"
hamburg;DE;735000;101;4;53.5988941;10.0480997;"Barmbek-Nord, Hamburg"
hamburg;DE;379000;60;1;53.6633;10.0083;"Langenhorn, Hamburg"
hamburg;DE;515000;131.63;3;53.6038827;10.1581547;"Rahlstedt, Hamburg"
hamburg;DE;545000;78;3;53.5963901;10.0038317;"Winterhude, Hamburg"
hamburg;DE;369000;96;3;53.6564;10.0742;"Poppenbüttel, Hamburg"
hamburg;DE;479000;110.54;3;53.6633;10.0083;"Langenhorn, Hamburg"
hamburg;DE;1700000;107.03;3;53.5684065;9.9874317;"Rotherbaum, Hamburg"
hamburg;DE;239000;84;3;53.4367554;10.0090562;"Rönneburg, Hamburg"
hamburg;DE;379000;117;3;53.6038827;10.1581547;"Rahlstedt, Hamburg"
hamburg;DE;359000;80;3;53.4541741;9.9890136;"Harburg, Hamburg"
hamburg;DE;372000;82.75;3;53.5604747;10.09863255;"Grüningweg 27e, Horn, Hamburg"
hamburg;DE;650000;65;2;53.5963901;10.0038317;"Winterhude, Hamburg"
hamburg;DE;639000;96.6;3;53.57187795;10.058275482191782;"Börnestraße 26, Eilbek, Hamburg"
hamburg;DE;629000;96.6;3;53.57187795;10.058275482191782;"Börnestraße 26, Eilbek, Hamburg"
hamburg;DE;615000;96.6;3;53.57187795;10.058275482191782;"Börnestraße 26, Eilbek, Hamburg"
hamburg;DE;210000;57.02;2;53.616809;10.0790012;"Bramfeld, Hamburg"
hamburg;DE;320000;78;3;53.5488992;10.1226247;"Billstedt, Hamburg"
hamburg;DE;160000;40.07;2;53.5672366;10.0452407;"Eilbek, Hamburg"
hamburg;DE;250000;70.76;2;53.6734296;10.1268758;"Bergstedt, Hamburg"
hamburg;DE;289000;85.12;3;53.4513998;9.9421973;"Eißendorf, Hamburg"
hamburg;DE;3200000;650;4;53.5496598;9.945352;"Altona-Altstadt, Hamburg"
hamburg;DE;665000;96;4;53.5550626;9.8878602;"Othmarschen, Hamburg"
hamburg;DE;480000;55.13;2;53.5754331;9.9804402;"Harvestehude, Hamburg"
hamburg;DE;2145000;138.52;2;53.5754331;9.9804402;"Harvestehude, Hamburg"
hamburg;DE;365000;41.84;1;53.5754331;9.9804402;"Harvestehude, Hamburg"
hamburg;DE;2925000;265.28;5;53.5754331;9.9804402;"Harvestehude, Hamburg"
hamburg;DE;295000;70;2;53.5534434;10.0512944;"Hamm-Mitte, Hamburg"
hamburg;DE;495000;74;2.5;53.56861925;9.94847905;"Glücksburger Str. 13, Altona-Nord, Hamburg"
hamburg;DE;459000;68;2;53.5683828;9.9481578;"Glücksburger Str. 19, Altona-Nord, Hamburg"
hamburg;DE;600000;77;2;53.5988941;10.0480997;"Barmbek-Nord, Hamburg"
hamburg;DE;199000;38;1.5;53.5614;9.94472;"Altona-Nord, Hamburg"
hamburg;DE;398000;92;3;53.5672366;10.0452407;"Eilbek, Hamburg"
hamburg;DE;269000;64;2.5;53.616809;10.0790012;"Bramfeld, Hamburg"
hamburg;DE;698000;79.75;3;53.5754331;9.9804402;"Harvestehude, Hamburg"
hamburg;DE;269000;64;2.5;53.616809;10.0790012;"Bramfeld, Hamburg"
hamburg;DE;698000;79.75;3;53.5754331;9.9804402;"Harvestehude, Hamburg"
hamburg;DE;299000;40;2;53.5963901;10.0038317;"Winterhude, Hamburg"
hamburg;DE;259000;66;2;53.5488992;10.1226247;"Billstedt, Hamburg"
hamburg;DE;430000;91.33;4;53.5869;10.1175;"Tonndorf, Hamburg"
hamburg;DE;997000;114;4;53.5903912;9.9868771;"Eppendorf, Hamburg"
hamburg;DE;489000;68;2;53.5715093;10.0127361;"Uhlenhorst, Hamburg"
hamburg;DE;480000;81.81;4;53.5655862;9.8792333;"Groß Flottbek, Hamburg"
hamburg;DE;485000;110;4;53.6617033;10.159945230764098;"Buckhorn 40, Volksdorf, Hamburg"
hamburg;DE;339999;87;3;53.5967771;9.9284099;"Stellingen, Hamburg"
hamburg;DE;489000;74;2;53.6323399;10.0233695;"Fuhlsbüttel, Hamburg"
hamburg;DE;310000;73;2.5;53.6023971;9.9566624;"Lokstedt, Hamburg"
hamburg;DE;134160;33.54;1;53.5701927;9.8586698;"Julius-Brecht-Straße 11, Osdorf, Hamburg"
hamburg;DE;133760;33.44;1;53.5697336;9.8632276;"Julius-Brecht-Straße 5, Osdorf, Hamburg"
hamburg;DE;169760;42.43;1.5;53.5697336;9.8632276;"Julius-Brecht-Straße 5, Osdorf, Hamburg"
hamburg;DE;899000;114;3.5;53.5429127;9.9958346;"HafenCity, Hamburg"
hamburg;DE;298000;58;2;53.6215437;10.0377601;"Ohlsdorf, Hamburg"
hamburg;DE;1100000;112;5;53.5715093;10.0127361;"Uhlenhorst, Hamburg"
hamburg;DE;260000;56.5;2;53.5967771;9.9284099;"Stellingen, Hamburg"
hamburg;DE;189000;46;2;53.4541741;9.9890136;"Harburg, Hamburg"
hamburg;DE;1290000;169.55;6;53.5524166;9.8443521;"Nienstedten, Hamburg"
hamburg;DE;1920000;184;6.5;53.5903912;9.9868771;"Eppendorf, Hamburg"
hamburg;DE;429000;78;3;53.5675329;10.042484999074976;"Sandkrug 11, Eilbek, Hamburg"
hamburg;DE;434500;79;3;53.567399949999995;10.042549132145655;"Sandkrug 12, Eilbek, Hamburg"
hamburg;DE;199500;46;2;53.6522;10.1169;"Sasel, Hamburg"
hamburg;DE;435000;71;2.5;53.561882;10.0211917;"Hohenfelde, Hamburg"
hamburg;DE;328000;99;3;53.6038827;10.1581547;"Rahlstedt, Hamburg"
hamburg;DE;384000;75;2;53.6038827;10.1581547;"Rahlstedt, Hamburg"
hamburg;DE;180000;29.5;1;53.5963901;10.0038317;"Winterhude, Hamburg"
hamburg;DE;170000;33;1;53.6485554;10.1647514;"Volksdorf, Hamburg"
hamburg;DE;245000;28.35;1;53.5569933;10.0141623;"St. Georg, Hamburg"
hamburg;DE;880000;117.29;3.5;53.5650896;9.8516237;"Tönninger Weg 89a, Osdorf, Hamburg"
hamburg;DE;275000;44.34;2;53.561882;10.0211917;"Hohenfelde, Hamburg"
hamburg;DE;275000;44.54;2;53.561882;10.0211917;"Hohenfelde, Hamburg"
hamburg;DE;279000;60;2;53.5758367;10.1337359;"Jenfeld, Hamburg"
hamburg;DE;795000;174;5;53.6431;10.0897;"Wellingsbüttel, Hamburg"
hamburg;DE;1120000;151;5;53.55559385;10.01163753901341;"Kirchenweg 12, St. Georg, Hamburg"
hamburg;DE;365000;98;3;53.5758367;10.1337359;"Jenfeld, Hamburg"
hamburg;DE;264000;83;4;53.7055213;10.1043167;"Duvenstedt, Hamburg"
hamburg;DE;3933010;279.5;3;53.5754331;9.9804402;"Harvestehude, Hamburg"
hamburg;DE;1500000;150;3;53.5575;9.80306;"Blankenese, Hamburg"
hamburg;DE;499000;66;2;53.5496598;9.945352;"Altona-Altstadt, Hamburg"
hamburg;DE;3907254;280.86;5;53.5754331;9.9804402;"Harvestehude, Hamburg"
hamburg;DE;189000;71;2;53.4394131;9.9520526;"Marmstorf, Hamburg"
hamburg;DE;449000;70;2.5;53.5651302;10.0823813;"Marienthal, Hamburg"
hamburg;DE;890000;80;3;53.58254925;9.979631113201581;"Lehmweg 32, Hoheluft-Ost, Hamburg"
hamburg;DE;260000;63.7;2;53.5672366;10.0452407;"Eilbek, Hamburg"
hamburg;DE;229000;55.67;2;53.5847;9.75639;"Rissen, Hamburg"
hamburg;DE;416000;64;2;53.6023971;9.9566624;"Lokstedt, Hamburg"
hamburg;DE;299000;71;3;53.4455855;9.9816167;"Wilstorf, Hamburg"
hamburg;DE;519000;114;3;53.5651302;10.0823813;"Marienthal, Hamburg"
hamburg;DE;469000;115.42;3.5;53.5911422;10.1623404;"Liliencronstraße 89, Rahlstedt, Hamburg"
hamburg;DE;225400;84.46;3;53.61287560595218;10.06129038923653;"Gropiusring 69, Steilshoop, Hamburg"
hamburg;DE;275000;74.06;2.5;53.6564;10.0742;"Poppenbüttel, Hamburg"
hamburg;DE;159000;34;1;53.6086;9.98694;"Groß Borstel, Hamburg"
hamburg;DE;295000;86;2;53.6038827;10.1581547;"Rahlstedt, Hamburg"
hamburg;DE;525000;71;3;53.561882;10.0211917;"Hohenfelde, Hamburg"
hamburg;DE;1190000;168;4;53.5988941;10.0480997;"Barmbek-Nord, Hamburg"
hamburg;DE;649000;90;3;53.5988941;10.0480997;"Barmbek-Nord, Hamburg"
hamburg;DE;195000;75;3;53.6284111;9.9557091;"Niendorf, Hamburg"
hamburg;DE;825000;110.32;3;53.5655862;9.8792333;"Groß Flottbek, Hamburg"
hamburg;DE;329000;87;5;53.5825665;10.0629287;"Dulsberg, Hamburg"
hamburg;DE;375000;75;3;53.5758367;10.1337359;"Jenfeld, Hamburg"
hamburg;DE;630000;140;5;53.5847;9.75639;"Rissen, Hamburg"
hamburg;DE;209900;54.58;2;53.5540624;10.0889179;"Horn, Hamburg"
hamburg;DE;380000;50;2;53.5614;9.94472;"Altona-Nord, Hamburg"
hamburg;DE;1099000;155;4;53.5903912;9.9868771;"Eppendorf, Hamburg"
hamburg;DE;290000;60.08;2;53.6023971;9.9566624;"Lokstedt, Hamburg"
hamburg;DE;369000;76;3;53.635857200000004;9.911917379791447;"Holsteiner Chaussee 292, Schnelsen, Hamburg"
hamburg;DE;405000;74;2;53.6038827;10.1581547;"Rahlstedt, Hamburg"
hamburg;DE;249000;76.35;3;53.6038827;10.1581547;"Rahlstedt, Hamburg"
hamburg;DE;348000;86.5;3;53.5702574;10.044455;"Blumenau 166, Eilbek, Hamburg"
hamburg;DE;249000;46;2;53.5988941;10.0480997;"Barmbek-Nord, Hamburg"
hamburg;DE;340000;54;3;53.5550658;9.9198188;"Ottensen, Hamburg"
hamburg;DE;480000;3.5;81;53.5988941;10.0480997;"Barmbek-Nord, Hamburg"
hamburg;DE;725000;108;3;53.6485554;10.1647514;"Volksdorf, Hamburg"
hamburg;DE;229000;73;2;53.6633;10.0083;"Langenhorn, Hamburg"
hamburg;DE;479000;97;3;53.6038827;10.1581547;"Rahlstedt, Hamburg"
hamburg;DE;229000;78;3;53.6100427;10.1124083;"Farmsen-Berne, Hamburg"
hamburg;DE;310000;74;3;53.5847;9.75639;"Rissen, Hamburg"
hamburg;DE;510000;150;3;53.6056995;10.163703906821919;"Bordesholmer Straße 2, Rahlstedt, Hamburg"
hamburg;DE;120000;38;2;53.6633;10.0083;"Langenhorn, Hamburg"
hamburg;DE;225000;52;2;53.5988941;10.0480997;"Barmbek-Nord, Hamburg"
hamburg;DE;329000;87;5;53.5825665;10.0629287;"Dulsberg, Hamburg"
hamburg;DE;517000;86;3;53.5550626;9.8878602;"Othmarschen, Hamburg"
hamburg;DE;710000;118.91;3;53.6811;10.0867;"Lemsahl-Mellingstedt, Hamburg"
hamburg;DE;225400;84.46;3;53.6106843;10.058728;"Steilshoop, Hamburg"
hamburg;DE;283000;58.49;2;53.4379045;10.2260934;"Neuengamme, Hamburg"
hamburg;DE;329000;85.01;3;53.6038827;10.1581547;"Rahlstedt, Hamburg"
hamburg;DE;290000;86;3;53.6397433;10.0395255;"Hummelsbüttel, Hamburg"
hamburg;DE;200000;67;3;53.6038827;10.1581547;"Rahlstedt, Hamburg"
hamburg;DE;695000;91;4;53.5550658;9.9198188;"Ottensen, Hamburg"
hamburg;DE;220000;71;3;53.6038827;10.1581547;"Rahlstedt, Hamburg"
hamburg;DE;349000;100;3.5;53.5847;9.75639;"Rissen, Hamburg"
hamburg;DE;1750000;260;7.5;53.5684065;9.9874317;"Rotherbaum, Hamburg"
hamburg;DE;795000;109.39;3.5;53.5655862;9.8792333;"Groß Flottbek, Hamburg"
hamburg;DE;445000;133.65;4;53.6023971;9.9566624;"Lokstedt, Hamburg"
hamburg;DE;189000;45;2;53.6038827;10.1581547;"Rahlstedt, Hamburg"
hamburg;DE;2995000;119;2.5;53.5429127;9.9958346;"HafenCity, Hamburg"
hamburg;DE;430000;97.17;3;53.685271099999994;10.115141829991359;"Sarenweg 16A, Lemsahl-Mellingstedt, Hamburg"
hamburg;DE;4990000;230;4;53.5715093;10.0127361;"Uhlenhorst, Hamburg"
hamburg;DE;480000;118;4.5;53.6431;10.0897;"Wellingsbüttel, Hamburg"
hamburg;DE;279000;78;3;53.6038827;10.1581547;"Rahlstedt, Hamburg"
hamburg;DE;1349000;138.6;4;53.5802543;9.9513234;"Schwenckestrasse 98, Eimsbüttel, Hamburg"
hamburg;DE;555000;101.5;3;53.4332036;9.9979386;"Rotbergfeld 19, Rönneburg, Hamburg"
hamburg;DE;295000;61.7;3;53.605;9.91611;"Eidelstedt, Hamburg"
hamburg;DE;399000;82;2;53.5690699;9.9055827;"Bahrenfeld, Hamburg"
hamburg;DE;249000;75;2.5;53.6038827;10.1581547;"Rahlstedt, Hamburg"
hamburg;DE;239000;66;2;53.6284111;9.9557091;"Niendorf, Hamburg"
hamburg;DE;199000;57.34;2;53.6038827;10.1581547;"Rahlstedt, Hamburg"
hamburg;DE;329000;87;5;53.5825665;10.0629287;"Dulsberg, Hamburg"
hamburg;DE;745000;115.41;4;53.57191795;9.8525782;"Goosacker 1,3, Osdorf, Hamburg"
hamburg;DE;1175000;145;4;53.58161925;10.013023588623158;"Gertigstraße 9, Winterhude, Hamburg"
hamburg;DE;219000;67;3;53.6633;10.0083;"Langenhorn, Hamburg"
hamburg;DE;145775;41.65;1;53.5466761;10.0990898;"Steinfeldtstrasse 4b, Billstedt, Hamburg"
hamburg;DE;749000;86.05;3;53.5724835;9.9501;"Eimsbüttel, Hamburg"
hamburg;DE;320000;81;3;53.4858;10.2267;"Bergedorf, Hamburg"
hamburg;DE;1500000;133;5;53.5754331;9.9804402;"Harvestehude, Hamburg"
hamburg;DE;449000;84;3;53.5575;9.80306;"Blankenese, Hamburg"
hamburg;DE;320000;71;3;53.5988941;10.0480997;"Barmbek-Nord, Hamburg"
